Mean_CV_Score,Std_CV_Score
-1.2137847920696094,1.9397676544333864
