Mean_CV_Score,Std_CV_Score
-1.1765978137831636,1.878205843181593
