Mean_CV_Score,Std_CV_Score
-1.8843110286913092,1.9212351962864607
