Mean_CV_Score,Std_CV_Score
-1.2312580227226895,1.8205922971550663
