Location,Vulnerability_Y_pred
ABRA,1.6554137315821025
AGUSAN DEL NORTE,1.4144565843037573
AGUSAN DEL SUR,1.4357719443791408
AKLAN,1.4550981903060332
ALBAY,1.9461715097767576
ANTIQUE,1.545520808340931
AURORA,1.8765204367494814
BASILAN,1.850992506826478
BATAAN,1.5845592533312625
BATANES,1.4988550362007536
BATANGAS,1.53632259258535
BENGUET,1.6660206049750992
BILIRAN,1.625292239558005
BOHOL,1.5548779720733394
BUKIDNON,1.5624143344044878
BULACAN,1.1441042210591532
CAGAYAN,1.3982534601613137
CAMARINES NORTE,1.8206180265435925
CAMARINES SUR,2.004943673721921
CAMIGUIN,1.4701546647371344
CAPIZ,1.4210940212175374
CATANDUANES,1.604694904555495
CAVITE,1.4503259299261828
CEBU,1.3066869787504465
DAVAO DEL NORTE,1.579411546835403
DAVAO DEL SUR,0.8900022119828465
DAVAO ORIENTAL,1.408911228905537
DINAGAT ISLANDS,1.9595372355231306
EASTERN SAMAR,1.8158606276920146
GUIMARAS,1.6859951984919668
IFUGAO,1.526779819486676
ILOCOS NORTE,1.8407366789730049
ILOCOS SUR,1.6083966899183415
ILOILO,1.1779803228596641
ISABELA,1.6455807699077714
KALINGA,1.7868923896280882
LA UNION,1.7506019669972819
LAGUNA,1.5028270218967095
LANAO DEL NORTE,1.47854974058914
LANAO DEL SUR,1.6819337817005893
LEYTE,1.1801579979057772
MARINDUQUE,1.5758051358512857
MASBATE,1.8744987056516085
METRO MANILA,1.6133718716972996
MISAMIS OCCIDENTAL,1.5621466806629332
MISAMIS ORIENTAL,1.7244985293384985
MOUNTAIN PROVINCE,1.4818105826234171
NEGROS OCCIDENTAL,1.6580644578689407
NEGROS ORIENTAL,1.5172562268670005
NORTHERN SAMAR,1.5108906763330698
OCCIDENTAL MINDORO,1.5720175910064615
ORIENTAL MINDORO,1.7316191502402671
PALAWAN,1.9258165627242925
PAMPANGA,1.1932591894880478
PANGASINAN,1.680994088358956
QUEZON,1.4676437171393029
QUIRINO,1.6732928525107285
RIZAL,1.532952530927284
ROMBLON,1.960392956321394
SAMAR,1.6232498507975706
SARANGANI,1.6808304256174063
SORSOGON,1.6547939849797433
SOUTH COTABATO,1.553558855033022
SOUTHERN LEYTE,1.3503404055414998
SULTAN KUDARAT,1.6536429610008014
SULU,1.6006090204904584
SURIGAO DEL NORTE,1.515374864552042
SURIGAO DEL SUR,1.44432136506154
TARLAC,1.366504288432571
TAWI-TAWI,2.797876499660262
ZAMBALES,1.6354221830807412
ZAMBOANGA DEL NORTE,1.698415386741898
ZAMBOANGA DEL SUR,1.6510945495496636
ZAMBOANGA SIBUGAY,1.7934231431350045
